"first","last","FPTS","year","week","pos"
"Tom","Brady",20.2,2016,16,"QB"
"Drew","Brees",19.5,2016,16,"QB"
"Matt","Ryan",19.3,2016,16,"QB"
"Cam","Newton",18.4,2016,16,"QB"
"Aaron","Rodgers",18.2,2016,16,"QB"
"Andrew","Luck",17.9,2016,16,"QB"
"Philip","Rivers",17.9,2016,16,"QB"
"Jameis","Winston",17.7,2016,16,"QB"
"Derek","Carr",17.7,2016,16,"QB"
"Kirk","Cousins",17.6,2016,16,"QB"
"Russell","Wilson",17.5,2016,16,"QB"
"Dak","Prescott",17.3,2016,16,"QB"
"Marcus","Mariota",16.8,2016,16,"QB"
"Ben","Roethlisberger",16.8,2016,16,"QB"
"Matthew","Stafford",16.5,2016,16,"QB"
"Tyrod","Taylor",15.5,2016,16,"QB"
"Joe","Flacco",14.6,2016,16,"QB"
"Eli","Manning",14.5,2016,16,"QB"
"Robert","Griffin",14,2016,16,"QB"
"Matt","Barkley",13.7,2016,16,"QB"
"Blake","Bortles",13.6,2016,16,"QB"
"Andy","Dalton",13.4,2016,16,"QB"
"Tom","Savage",13.1,2016,16,"QB"
"Trevor","Siemian",13,2016,16,"QB"
"Alex","Smith",12.9,2016,16,"QB"
"Carson","Wentz",12.2,2016,16,"QB"
"Jared","Goff",11.4,2016,16,"QB"
"Chase","Daniel",0.4,2016,16,"QB"
"Chad","Henne",0.3,2016,16,"QB"
"Colt","McCoy",0.3,2016,16,"QB"
"AJ","McCarron",0.3,2016,16,"QB"
"Cody","Kessler",0.3,2016,16,"QB"
"Ryan","Fitzpatrick",0.3,2016,16,"QB"
"Case","Keenum",0.2,2016,16,"QB"
"Nick","Foles",0.2,2016,16,"QB"
"Paxton","Lynch",0.2,2016,16,"QB"
"Drew","Stanton",0.2,2016,16,"QB"
"Derek","Anderson",0.1,2016,16,"QB"
"Matt","Schaub",0.1,2016,16,"QB"
"Mike","Glennon",0.1,2016,16,"QB"
"Jimmy","Garoppolo",0.1,2016,16,"QB"
"Blaine","Gabbert",0.1,2016,16,"QB"
"Brett","Hundley",0,2016,16,"QB"
"Jameill","Showers",0,2016,16,"QB"
"Brian","Hoyer",0,2016,16,"QB"
"Taylor","Heinicke",0,2016,16,"QB"
"Connor","Cook",0,2016,16,"QB"
"Jeff","Driskel",0,2016,16,"QB"
"Kevin","Hogan",0,2016,16,"QB"
"Ryan","Griffin",0,2016,16,"QB"
"Cardale","Jones",0,2016,16,"QB"
"Sean","Mannion",0,2016,16,"QB"
"Alex","Tanney",0,2016,16,"QB"
"Ryan","Tannehill",0,2016,16,"QB"
"Nate","Sudfeld",0,2016,16,"QB"
"Joe","Callahan",0,2016,16,"QB"
"Logan","Thomas",0,2016,16,"QB"
"Joe","Webb",0,2016,16,"QB"
"Brandon","Allen",0,2016,16,"QB"
"Jake","Rudock",0,2016,16,"QB"
"Greg","Olsen",12.7,2016,16,"TE"
"Travis","Kelce",10.6,2016,16,"TE"
"Zach","Ertz",10.5,2016,16,"TE"
"Cameron","Brate",10.5,2016,16,"TE"
"Delanie","Walker",10.3,2016,16,"TE"
"Kyle","Rudolph",9.8,2016,16,"TE"
"Jimmy","Graham",9.3,2016,16,"TE"
"Eric","Ebron",8.2,2016,16,"TE"
"Vernon","Davis",8.1,2016,16,"TE"
"Hunter","Henry",7.7,2016,16,"TE"
"Jason","Witten",7.6,2016,16,"TE"
"Jack","Doyle",7.1,2016,16,"TE"
"Charles","Clay",6.2,2016,16,"TE"
"C.J.","Uzomah",5.9,2016,16,"TE"
"Jared","Cook",5.9,2016,16,"TE"
"Jesse","James",5.7,2016,16,"TE"
"Dwayne","Allen",5.4,2016,16,"TE"
"Daniel","Brown",5.4,2016,16,"TE"
"Will","Tye",4.9,2016,16,"TE"
"Garrett","Celek",4.6,2016,16,"TE"
"Neal","Sterling",4.5,2016,16,"TE"
"Ben","Koyack",4.3,2016,16,"TE"
"Clive","Walford",4.2,2016,16,"TE"
"Levine","Toilolo",4,2016,16,"TE"
"Trey","Burton",3.7,2016,16,"TE"
"Jeff","Heuerman",3.6,2016,16,"TE"
"Richard","Rodgers",2.8,2016,16,"TE"
"Austin","Hooper",2.6,2016,16,"TE"
"Virgil","Green",2.3,2016,16,"TE"
"Jerell","Adams",2.3,2016,16,"TE"
"Tyler","Kroft",2.2,2016,16,"TE"
"Darren","Waller",2.2,2016,16,"TE"
"Luke","Willson",2,2016,16,"TE"
"Xavier","Grimble",1.9,2016,16,"TE"
"Ed","Dickson",1.9,2016,16,"TE"
"Seth","DeValve",1.8,2016,16,"TE"
"Erik","Swoope",1.7,2016,16,"TE"
"Darren","Fells",1.5,2016,16,"TE"
"Nick","Boyle",1.3,2016,16,"TE"
"Tyler","Higbee",1.2,2016,16,"TE"
"Joshua","Perkins",1.2,2016,16,"TE"
"Je'Ron","Hamm",1.1,2016,16,"TE"
"Rhett","Ellison",1,2016,16,"TE"
"Derek","Carrier",1,2016,16,"TE"
"Stephen","Anderson",1,2016,16,"TE"
"Dan","Vitale",0.9,2016,16,"TE"
"Demetrius","Harris",0.8,2016,16,"TE"
"Nick","O'Leary",0.8,2016,16,"TE"
"Luke","Stocker",0.6,2016,16,"TE"
"Temarrick","Hemingway",0.6,2016,16,"TE"
"Ben","Braunecker",0.6,2016,16,"TE"
"David","Morgan",0.5,2016,16,"TE"
"Logan","Paulsen",0.4,2016,16,"TE"
"MyCole","Pruitt",0.4,2016,16,"TE"
"Nick","Vannett",0.4,2016,16,"TE"
"James","O'Shaughnessy",0.2,2016,16,"TE"
"Ross","Travis",0.2,2016,16,"TE"
"Rico","Gathers",0,2016,16,"TE"
"Benjamin","Watson",0,2016,16,"TE"
"James","Winchester",0,2016,16,"TE"
"Eric","Tomlinson",0,2016,16,"TE"
"Garrett","Griffin",0,2016,16,"TE"
"Orson","Charles",0,2016,16,"TE"
"Clark","Harris",0,2016,16,"TE"
"Jerome","Cunningham",0,2016,16,"TE"
"Tyler","Eifert",0,2016,16,"TE"
"Marcedes","Lewis",0,2016,16,"TE"
"J.P.","Holtz",0,2016,16,"TE"
"Jordan","Reed",0,2016,16,"TE"
"Jake","McGee",0,2016,16,"TE"
"Chris","Manhertz",0,2016,16,"TE"
"Antonio","Brown",17.4,2016,16,"WR"
"Mike","Evans",17,2016,16,"WR"
"Odell","Beckham",15.7,2016,16,"WR"
"T.Y.","Hilton",14.9,2016,16,"WR"
"Julio","Jones",14.8,2016,16,"WR"
"Julian","Edelman",13.9,2016,16,"WR"
"Golden","Tate",13.1,2016,16,"WR"
"Demaryius","Thomas",13,2016,16,"WR"
"Brandin","Cooks",13,2016,16,"WR"
"Ty","Montgomery",13,2016,16,"WR"
"Emmanuel","Sanders",12.7,2016,16,"WR"
"Larry","Fitzgerald",12.5,2016,16,"WR"
"Michael","Thomas",12.4,2016,16,"WR"
"DeAndre","Hopkins",12.3,2016,16,"WR"
"Stefon","Diggs",12.1,2016,16,"WR"
"Alshon","Jeffery",11.9,2016,16,"WR"
"Amari","Cooper",11.9,2016,16,"WR"
"Jarvis","Landry",11.6,2016,16,"WR"
"Jamison","Crowder",11.4,2016,16,"WR"
"Tyrell","Williams",11.3,2016,16,"WR"
"DeSean","Jackson",11.3,2016,16,"WR"
"Davante","Adams",11.2,2016,16,"WR"
"Willie","Snead",11.2,2016,16,"WR"
"Dontrelle","Inman",11,2016,16,"WR"
"Marqise","Lee",10.5,2016,16,"WR"
"Jordan","Matthews",10.5,2016,16,"WR"
"Allen","Robinson",10.4,2016,16,"WR"
"Sammy","Watkins",10.4,2016,16,"WR"
"Taylor","Gabriel",10.2,2016,16,"WR"
"Cameron","Meredith",10.1,2016,16,"WR"
"Cole","Beasley",9.8,2016,16,"WR"
"Terrelle","Pryor",9.8,2016,16,"WR"
"Robby","Anderson",9.6,2016,16,"WR"
"Tyler","Boyd",9.4,2016,16,"WR"
"Sterling","Shepard",9.1,2016,16,"WR"
"Donte","Moncrief",8.8,2016,16,"WR"
"Tyler","Lockett",8.7,2016,16,"WR"
"Tyreek","Hill",8.7,2016,16,"WR"
"Ted","Ginn",8.5,2016,16,"WR"
"Adam","Thielen",8.3,2016,16,"WR"
"Marvin","Jones",8.3,2016,16,"WR"
"Tavon","Austin",8,2016,16,"WR"
"Devante","Parker",7.9,2016,16,"WR"
"J.J.","Nelson",7.8,2016,16,"WR"
"Chris","Hogan",7.7,2016,16,"WR"
"Mohamed","Sanu",7.5,2016,16,"WR"
"Eli","Rogers",7.2,2016,16,"WR"
"Corey","Coleman",7.1,2016,16,"WR"
"Adam","Humphries",6.9,2016,16,"WR"
"Kenny","Stills",6.4,2016,16,"WR"
"Will","Fuller",6.3,2016,16,"WR"
"Quincy","Enunwa",6.3,2016,16,"WR"
"Travis","Benjamin",6.3,2016,16,"WR"
"John","Brown",6.3,2016,16,"WR"
"Robert","Woods",5.6,2016,16,"WR"
"Seth","Roberts",5.4,2016,16,"WR"
"Brian","Quick",5.3,2016,16,"WR"
"Cordarrelle","Patterson",5.3,2016,16,"WR"
"Devin","Funchess",5.3,2016,16,"WR"
"Deonte","Thompson",5.2,2016,16,"WR"
"Tajae","Sharpe",5,2016,16,"WR"
"Jermaine","Kearse",4.9,2016,16,"WR"
"Phillip","Dorsett",4.9,2016,16,"WR"
"Russell","Shepard",4.3,2016,16,"WR"
"Josh","Bellamy",4.2,2016,16,"WR"
"Marquise","Goodwin",4.2,2016,16,"WR"
"Breshad","Perriman",3.9,2016,16,"WR"
"Randall","Cobb",3.8,2016,16,"WR"
"Daniel","Brown",3.8,2016,16,"WR"
"Chris","Conley",3.5,2016,16,"WR"
"Nelson","Agholor",3.4,2016,16,"WR"
"Aldrick","Robinson",3,2016,16,"WR"
"Charles","Johnson",2.6,2016,16,"WR"
"Cody","Core",2.5,2016,16,"WR"
"Justin","Hardy",2.5,2016,16,"WR"
"Aaron","Burbridge",2.5,2016,16,"WR"
"Jordan","Taylor",2.4,2016,16,"WR"
"Bennie","Fowler",2.4,2016,16,"WR"
"Andre","Roberts",2.4,2016,16,"WR"
"Paul","Richardson",2.4,2016,16,"WR"
"Pharoh","Cooper",2.2,2016,16,"WR"
"Albert","Wilson",2.1,2016,16,"WR"
"Brittan","Golden",2.1,2016,16,"WR"
"Brice","Butler",2.1,2016,16,"WR"
"Charone","Peake",2,2016,16,"WR"
"Alex","Erickson",1.9,2016,16,"WR"
"Geronimo","Allison",1.9,2016,16,"WR"
"Seth","DeValve",1.8,2016,16,"WR"
"Michael","Floyd",1.8,2016,16,"WR"
"Ryan","Grant",1.7,2016,16,"WR"
"Darren","Waller",1.5,2016,16,"WR"
"Devin","Smith",1.4,2016,16,"WR"
"Ricardo","Louis",1.4,2016,16,"WR"
"Johnny","Holton",1.3,2016,16,"WR"
"Maurice","Harris",1.1,2016,16,"WR"
"Shane","Wynn",1.1,2016,16,"WR"
"Cody","Latimer",1,2016,16,"WR"
"Chester","Rogers",0.8,2016,16,"WR"
"Rashard","Higgins",0.7,2016,16,"WR"
"Vince","Mayle",0.6,2016,16,"WR"
"Jarius","Wright",0.6,2016,16,"WR"
"Chris","Moore",0.5,2016,16,"WR"
"Geremy","Davis",0.5,2016,16,"WR"
"Trevor","Davis",0.5,2016,16,"WR"
"Demarcus","Robinson",0.5,2016,16,"WR"
"Tommylee","Lewis",0.5,2016,16,"WR"
"Mike","Thomas",0.4,2016,16,"WR"
"Dwayne","Harris",0.3,2016,16,"WR"
"Jakeem","Grant",0.3,2016,16,"WR"
"Kalif","Raymond",0.3,2016,16,"WR"
"Laquon","Treadwell",0.2,2016,16,"WR"
"Matt","Slater",0.2,2016,16,"WR"
"Rashad","Ross",0.2,2016,16,"WR"
"Danny","Amendola",0.1,2016,16,"WR"
"Torrey","Smith",0,2016,16,"WR"
"J.D.","McKissic",0,2016,16,"WR"
"Alonzo","Russell",0,2016,16,"WR"
"D.J.","Foster",0,2016,16,"WR"
"Darius","Jennings",0,2016,16,"WR"
"Neal","Sterling",0,2016,16,"WR"
"K.J.","Brent",0,2016,16,"WR"
"C.J.","Goodwin",0,2016,16,"WR"
"Allen","Hurns",0,2016,16,"WR"
"Marvin","Hall",0,2016,16,"WR"
"Herb","Waters",0,2016,16,"WR"
"Moritz","Bohringer",0,2016,16,"WR"
"Mose","Frazier",0,2016,16,"WR"
"DeAndrew","White",0,2016,16,"WR"
"A.J.","Green",0,2016,16,"WR"
"Marcus","Johnson",0,2016,16,"WR"
"Andy","Jones",0,2016,16,"WR"
"Le'Veon","Bell",21.4,2016,16,"RB"
"David","Johnson",19.9,2016,16,"RB"
"Ezekiel","Elliott",19.2,2016,16,"RB"
"LeSean","McCoy",17.7,2016,16,"RB"
"Jordan","Howard",16.2,2016,16,"RB"
"Todd","Gurley",15.5,2016,16,"RB"
"Bilal","Powell",15.3,2016,16,"RB"
"Spencer","Ware",14,2016,16,"RB"
"Devonta","Freeman",13.9,2016,16,"RB"
"Latavius","Murray",13.4,2016,16,"RB"
"Thomas","Rawls",12.7,2016,16,"RB"
"Carlos","Hyde",12.5,2016,16,"RB"
"Kenneth","Farrow",12.4,2016,16,"RB"
"Ty","Montgomery",12.3,2016,16,"RB"
"Doug","Martin",12,2016,16,"RB"
"Mark","Ingram",11.9,2016,16,"RB"
"Frank","Gore",11.3,2016,16,"RB"
"Isaiah","Crowell",10.8,2016,16,"RB"
"Tevin","Coleman",9.2,2016,16,"RB"
"Alfred","Blue",9,2016,16,"RB"
"Jerick","McKinnon",8.9,2016,16,"RB"
"Dion","Lewis",8.5,2016,16,"RB"
"T.J.","Yeldon",8.3,2016,16,"RB"
"Kenneth","Dixon",8,2016,16,"RB"
"Dwayne","Washington",7.8,2016,16,"RB"
"James","White",6.9,2016,16,"RB"
"Duke","Johnson",6.8,2016,16,"RB"
"Paul","Perkins",6.7,2016,16,"RB"
"Devontae","Booker",6.6,2016,16,"RB"
"Chris","Thompson",6.5,2016,16,"RB"
"Derrick","Henry",6.3,2016,16,"RB"
"Jalen","Richard",5.7,2016,16,"RB"
"Rex","Burkhead",5.6,2016,16,"RB"
"Zach","Zenner",4.7,2016,16,"RB"
"Theo","Riddick",3.2,2016,16,"RB"
"Damien","Williams",3.1,2016,16,"RB"
"DeAndre","Washington",2.6,2016,16,"RB"
"Jamize","Olawale",2.5,2016,16,"RB"
"Kyle","Juszczyk",2.2,2016,16,"RB"
"Malcolm","Brown",1.8,2016,16,"RB"
"Andre","Ellington",1.6,2016,16,"RB"
"Josh","Ferguson",1.5,2016,16,"RB"
"Kenyan","Drake",1.3,2016,16,"RB"
"Taiwan","Jones",1.2,2016,16,"RB"
"Cameron","Artis-Payne",0.8,2016,16,"RB"
"Javorius","Allen",0.7,2016,16,"RB"
"Patrick","DiMarco",0.6,2016,16,"RB"
"Derek","Watt",0.6,2016,16,"RB"
"Peyton","Barber",0.4,2016,16,"RB"
"Keith","Smith",0.4,2016,16,"RB"
"Brandon","Bolden",0.4,2016,16,"RB"
"James","Develin",0.4,2016,16,"RB"
"Malcolm","Johnson",0.4,2016,16,"RB"
"Andy","Janovich",0.3,2016,16,"RB"
"Roosevelt","Nix",0.3,2016,16,"RB"
"Darius","Jackson",0.3,2016,16,"RB"
"Dan","Vitale",0.3,2016,16,"RB"
"Jonathan","Williams",0.3,2016,16,"RB"
"Michael","Burton",0.3,2016,16,"RB"
"Anthony","Sherman",0.3,2016,16,"RB"
"Raheem","Mostert",0.3,2016,16,"RB"
"Tyler","Ervin",0.2,2016,16,"RB"
"Mike","Davis",0.2,2016,16,"RB"
"Marcus","Murphy",0.2,2016,16,"RB"
"Benny","Cunningham",0,2016,16,"RB"
"Zach","Line",0,2016,16,"RB"
"Elijhaa","Penny",0,2016,16,"RB"
"Lamar","Miller",0,2016,16,"RB"
"Melvin","Gordon",0,2016,16,"RB"
"CJ","Ham",0,2016,16,"RB"
"Rod","Smith",0,2016,16,"RB"
"Kenjon","Barner",0,2016,16,"RB"
"Adrian","Peterson",0,2016,16,"RB"
"Le'Veon","Bell",21.4,2016,16,"RB"
"David","Johnson",19.9,2016,16,"RB"
"Ezekiel","Elliott",19.2,2016,16,"RB"
"LeSean","McCoy",17.7,2016,16,"RB"
"Jordan","Howard",16.2,2016,16,"RB"
"Todd","Gurley",15.5,2016,16,"RB"
"Bilal","Powell",15.3,2016,16,"RB"
"Spencer","Ware",14,2016,16,"RB"
"Devonta","Freeman",13.9,2016,16,"RB"
"Latavius","Murray",13.4,2016,16,"RB"
"Thomas","Rawls",12.7,2016,16,"RB"
"Carlos","Hyde",12.5,2016,16,"RB"
"Kenneth","Farrow",12.4,2016,16,"RB"
"Ty","Montgomery",12.3,2016,16,"RB"
"Doug","Martin",12,2016,16,"RB"
"Mark","Ingram",11.9,2016,16,"RB"
"Frank","Gore",11.3,2016,16,"RB"
"Isaiah","Crowell",10.8,2016,16,"RB"
"Tevin","Coleman",9.2,2016,16,"RB"
"Alfred","Blue",9,2016,16,"RB"
"Jerick","McKinnon",8.9,2016,16,"RB"
"Dion","Lewis",8.5,2016,16,"RB"
"T.J.","Yeldon",8.3,2016,16,"RB"
"Kenneth","Dixon",8,2016,16,"RB"
"Dwayne","Washington",7.8,2016,16,"RB"
"James","White",6.9,2016,16,"RB"
"Duke","Johnson",6.8,2016,16,"RB"
"Paul","Perkins",6.7,2016,16,"RB"
"Devontae","Booker",6.6,2016,16,"RB"
"Chris","Thompson",6.5,2016,16,"RB"
"Derrick","Henry",6.3,2016,16,"RB"
"Jalen","Richard",5.7,2016,16,"RB"
"Rex","Burkhead",5.6,2016,16,"RB"
"Zach","Zenner",4.7,2016,16,"RB"
"Theo","Riddick",3.2,2016,16,"RB"
"Damien","Williams",3.1,2016,16,"RB"
"DeAndre","Washington",2.6,2016,16,"RB"
"Jamize","Olawale",2.5,2016,16,"RB"
"Kyle","Juszczyk",2.2,2016,16,"RB"
"Malcolm","Brown",1.8,2016,16,"RB"
"Andre","Ellington",1.6,2016,16,"RB"
"Josh","Ferguson",1.5,2016,16,"RB"
"Kenyan","Drake",1.3,2016,16,"RB"
"Taiwan","Jones",1.2,2016,16,"RB"
"Cameron","Artis-Payne",0.8,2016,16,"RB"
"Javorius","Allen",0.7,2016,16,"RB"
"Patrick","DiMarco",0.6,2016,16,"RB"
"Derek","Watt",0.6,2016,16,"RB"
"Peyton","Barber",0.4,2016,16,"RB"
"Keith","Smith",0.4,2016,16,"RB"
"Brandon","Bolden",0.4,2016,16,"RB"
"James","Develin",0.4,2016,16,"RB"
"Malcolm","Johnson",0.4,2016,16,"RB"
"Andy","Janovich",0.3,2016,16,"RB"
"Roosevelt","Nix",0.3,2016,16,"RB"
"Darius","Jackson",0.3,2016,16,"RB"
"Dan","Vitale",0.3,2016,16,"RB"
"Jonathan","Williams",0.3,2016,16,"RB"
"Michael","Burton",0.3,2016,16,"RB"
"Anthony","Sherman",0.3,2016,16,"RB"
"Raheem","Mostert",0.3,2016,16,"RB"
"Tyler","Ervin",0.2,2016,16,"RB"
"Mike","Davis",0.2,2016,16,"RB"
"Marcus","Murphy",0.2,2016,16,"RB"
"Benny","Cunningham",0,2016,16,"RB"
"Zach","Line",0,2016,16,"RB"
"Elijhaa","Penny",0,2016,16,"RB"
"Lamar","Miller",0,2016,16,"RB"
"Melvin","Gordon",0,2016,16,"RB"
"CJ","Ham",0,2016,16,"RB"
"Rod","Smith",0,2016,16,"RB"
"Kenjon","Barner",0,2016,16,"RB"
"Adrian","Peterson",0,2016,16,"RB"
"Russell","Wilson",21,2017,16,"QB"
"Cam","Newton",20.2,2017,16,"QB"
"Tom","Brady",20,2017,16,"QB"
"Alex","Smith",18.3,2017,16,"QB"
"Philip","Rivers",18.3,2017,16,"QB"
"Drew","Brees",18.2,2017,16,"QB"
"Ben","Roethlisberger",17.6,2017,16,"QB"
"Dak","Prescott",17.5,2017,16,"QB"
"Matthew","Stafford",17.5,2017,16,"QB"
"Case","Keenum",17.3,2017,16,"QB"
"Jared","Goff",16.8,2017,16,"QB"
"Nick","Foles",16.5,2017,16,"QB"
"Blake","Bortles",16.2,2017,16,"QB"
"Matt","Ryan",16,2017,16,"QB"
"Jameis","Winston",16,2017,16,"QB"
"Joe","Flacco",15.7,2017,16,"QB"
"Kirk","Cousins",14.7,2017,16,"QB"
"Tyrod","Taylor",14.7,2017,16,"QB"
"Marcus","Mariota",14.5,2017,16,"QB"
"Derek","Carr",13.6,2017,16,"QB"
"Mitch","Trubisky",13.4,2017,16,"QB"
"Drew","Stanton",13.1,2017,16,"QB"
"Andy","Dalton",13,2017,16,"QB"
"Jimmy","Garoppolo",13,2017,16,"QB"
"Eli","Manning",12.3,2017,16,"QB"
"DeShone","Kizer",12,2017,16,"QB"
"Brett","Hundley",11.8,2017,16,"QB"
"Jacoby","Brissett",11.7,2017,16,"QB"
"Paxton","Lynch",2.3,2017,16,"QB"
"Ryan","Fitzpatrick",1.1,2017,16,"QB"
"AJ","McCarron",0.8,2017,16,"QB"
"C.J.","Beathard",0.5,2017,16,"QB"
"Blaine","Gabbert",0.5,2017,16,"QB"
"Kevin","Hogan",0.4,2017,16,"QB"
"Teddy","Bridgewater",0.4,2017,16,"QB"
"Brian","Hoyer",0.3,2017,16,"QB"
"Colt","McCoy",0.3,2017,16,"QB"
"Matt","Schaub",0.2,2017,16,"QB"
"Patrick","Mahomes",0.2,2017,16,"QB"
"Cody","Kessler",0.2,2017,16,"QB"
"Mike","Glennon",0.2,2017,16,"QB"
"Chase","Daniel",0.2,2017,16,"QB"
"Cooper","Rush",0.1,2017,16,"QB"
"Geno","Smith",0.1,2017,16,"QB"
"Jake","Rudock",0.1,2017,16,"QB"
"Derek","Anderson",0.1,2017,16,"QB"
"Chad","Henne",0.1,2017,16,"QB"
"Sean","Mannion",0.1,2017,16,"QB"
"Nathan","Peterman",0.1,2017,16,"QB"
"Joe","Callahan",0,2017,16,"QB"
"Taylor","Heinicke",0,2017,16,"QB"
"Nate","Sudfeld",0,2017,16,"QB"
"Davis","Webb",0,2017,16,"QB"
"Joshua","Dobbs",0,2017,16,"QB"
"Garrett","Gilbert",0,2017,16,"QB"
"Joe","Webb",0,2017,16,"QB"
"Kyle","Sloter",0,2017,16,"QB"
"Alex","Tanney",0,2017,16,"QB"
"Cardale","Jones",0,2017,16,"QB"
"Taysom","Hill",0,2017,16,"QB"
"Aaron","Rodgers",0,2017,16,"QB"
"Connor","Cook",0,2017,16,"QB"
"Josh","Woodrum",0,2017,16,"QB"
"Ryan","Griffin",0,2017,16,"QB"
"Matt","Barkley",0,2017,16,"QB"
"Jeff","Driskel",0,2017,16,"QB"
"Jameill","Showers",0,2017,16,"QB"
"Brandon","Allen",0,2017,16,"QB"
"Travis","Kelce",12.7,2017,16,"TE"
"Zach","Ertz",11.8,2017,16,"TE"
"Evan","Engram",11,2017,16,"TE"
"Greg","Olsen",10.9,2017,16,"TE"
"Jimmy","Graham",10,2017,16,"TE"
"Delanie","Walker",9.9,2017,16,"TE"
"Kyle","Rudolph",9.6,2017,16,"TE"
"Jack","Doyle",9.3,2017,16,"TE"
"Charles","Clay",8.8,2017,16,"TE"
"Cameron","Brate",8.5,2017,16,"TE"
"Eric","Ebron",8,2017,16,"TE"
"Benjamin","Watson",7.7,2017,16,"TE"
"Jason","Witten",7.7,2017,16,"TE"
"Vernon","Davis",7.1,2017,16,"TE"
"Jared","Cook",6.9,2017,16,"TE"
"Austin","Hooper",6.1,2017,16,"TE"
"Jesse","James",5.9,2017,16,"TE"
"Garrett","Celek",5.8,2017,16,"TE"
"Tyler","Kroft",5.8,2017,16,"TE"
"Ricky","Seals-Jones",5.6,2017,16,"TE"
"Adam","Shaheen",5.4,2017,16,"TE"
"Stephen","Anderson",5.1,2017,16,"TE"
"Marcedes","Lewis",4.9,2017,16,"TE"
"David","Njoku",4.5,2017,16,"TE"
"George","Kittle",4,2017,16,"TE"
"Vance","McDonald",3.8,2017,16,"TE"
"Josh","Hill",3.7,2017,16,"TE"
"Virgil","Green",3.3,2017,16,"TE"
"Seth","DeValve",3.3,2017,16,"TE"
"Richard","Rodgers",3.1,2017,16,"TE"
"Trey","Burton",3.1,2017,16,"TE"
"Tyler","Higbee",3,2017,16,"TE"
"Darren","Fells",3,2017,16,"TE"
"Nick","O'Leary",2.9,2017,16,"TE"
"Daniel","Brown",2.9,2017,16,"TE"
"Gerald","Everett",2.8,2017,16,"TE"
"Jeff","Heuerman",2.7,2017,16,"TE"
"Demetrius","Harris",2.5,2017,16,"TE"
"Ed","Dickson",2.4,2017,16,"TE"
"Luke","Willson",2.4,2017,16,"TE"
"Jonnu","Smith",2,2017,16,"TE"
"Rhett","Ellison",2,2017,16,"TE"
"Ross","Travis",2,2017,16,"TE"
"James","O'Shaughnessy",2,2017,16,"TE"
"Dwayne","Allen",2,2017,16,"TE"
"Nick","Boyle",1.8,2017,16,"TE"
"Nick","Vannett",1.8,2017,16,"TE"
"Xavier","Grimble",1.6,2017,16,"TE"
"Levine","Toilolo",1.5,2017,16,"TE"
"Jerell","Adams",1.5,2017,16,"TE"
"O.J.","Howard",1.5,2017,16,"TE"
"Geoff","Swaim",1.3,2017,16,"TE"
"Maxx","Williams",1.2,2017,16,"TE"
"C.J.","Uzomah",1.2,2017,16,"TE"
"Eric","Tomlinson",1,2017,16,"TE"
"David","Morgan",1,2017,16,"TE"
"Lee","Smith",0.8,2017,16,"TE"
"Antony","Auclair",0.7,2017,16,"TE"
"Clive","Walford",0.7,2017,16,"TE"
"Clark","Harris",0.7,2017,16,"TE"
"Derek","Carrier",0.6,2017,16,"TE"
"Michael","Roberts",0.6,2017,16,"TE"
"Luke","Stocker",0.5,2017,16,"TE"
"Ben","Braunecker",0.5,2017,16,"TE"
"Jeremy","Sprinkle",0.5,2017,16,"TE"
"Jason","Vander",0.5,2017,16,"TE"
"Ben","Koyack",0.4,2017,16,"TE"
"Darrell","Daniels",0.4,2017,16,"TE"
"Neal","Sterling",0.4,2017,16,"TE"
"Orson","Charles",0.4,2017,16,"TE"
"Eric","Saubert",0.4,2017,16,"TE"
"Evan","Baylis",0.3,2017,16,"TE"
"Chris","Manhertz",0.3,2017,16,"TE"
"Jacob","Hollister",0.2,2017,16,"TE"
"Gabe","Holmes",0.2,2017,16,"TE"
"Logan","Paulsen",0.1,2017,16,"TE"
"Will","Tye",0,2017,16,"TE"
"Jordan","Leggett",0,2017,16,"TE"
"Garrett","Griffin",0,2017,16,"TE"
"Keenan","Allen",16.1,2017,16,"WR"
"DeAndre","Hopkins",15.1,2017,16,"WR"
"Michael","Thomas",14.5,2017,16,"WR"
"Julio","Jones",14.4,2017,16,"WR"
"Adam","Thielen",14,2017,16,"WR"
"Mike","Evans",13.8,2017,16,"WR"
"Brandin","Cooks",13.4,2017,16,"WR"
"A.J.","Green",13.3,2017,16,"WR"
"Tyreek","Hill",12.9,2017,16,"WR"
"Larry","Fitzgerald",12.8,2017,16,"WR"
"JuJu","Smith-Schuster",12.6,2017,16,"WR"
"Jarvis","Landry",12.5,2017,16,"WR"
"Alshon","Jeffery",12.2,2017,16,"WR"
"Demaryius","Thomas",12.2,2017,16,"WR"
"Devin","Funchess",12,2017,16,"WR"
"Marvin","Jones",12,2017,16,"WR"
"Golden","Tate",11.3,2017,16,"WR"
"Robert","Woods",11.3,2017,16,"WR"
"Dede","Westbrook",11.1,2017,16,"WR"
"Stefon","Diggs",10.6,2017,16,"WR"
"T.Y.","Hilton",10.5,2017,16,"WR"
"Cooper","Kupp",10.1,2017,16,"WR"
"Nelson","Agholor",10,2017,16,"WR"
"Mohamed","Sanu",9.9,2017,16,"WR"
"Randall","Cobb",9.8,2017,16,"WR"
"Marquise","Goodwin",9.8,2017,16,"WR"
"Jamison","Crowder",9.7,2017,16,"WR"
"Sterling","Shepard",9.7,2017,16,"WR"
"Keelan","Cole",9.5,2017,16,"WR"
"Paul","Richardson",9.5,2017,16,"WR"
"Robby","Anderson",9.3,2017,16,"WR"
"Tyrell","Williams",8.5,2017,16,"WR"
"Kenny","Stills",8,2017,16,"WR"
"Danny","Amendola",8,2017,16,"WR"
"Devante","Parker",7.8,2017,16,"WR"
"Sammy","Watkins",7.8,2017,16,"WR"
"Chris","Hogan",7.5,2017,16,"WR"
"Ted","Ginn",7.3,2017,16,"WR"
"Josh","Doctson",7.3,2017,16,"WR"
"Jermaine","Kearse",7.3,2017,16,"WR"
"Chris","Godwin",7.2,2017,16,"WR"
"Will","Fuller",6.8,2017,16,"WR"
"Adam","Humphries",6.8,2017,16,"WR"
"J.D.","McKissic",6.6,2017,16,"WR"
"Corey","Coleman",6.6,2017,16,"WR"
"Amari","Cooper",6.5,2017,16,"WR"
"Tyler","Lockett",6.3,2017,16,"WR"
"Kenny","Golladay",6.2,2017,16,"WR"
"Corey","Davis",5.8,2017,16,"WR"
"Bennie","Fowler",5.8,2017,16,"WR"
"Ryan","Grant",5.6,2017,16,"WR"
"Travis","Benjamin",5.6,2017,16,"WR"
"J.J.","Nelson",5.5,2017,16,"WR"
"Albert","Wilson",5.4,2017,16,"WR"
"Trent","Taylor",5.4,2017,16,"WR"
"Geronimo","Allison",5.3,2017,16,"WR"
"Chester","Rogers",5.3,2017,16,"WR"
"Eli","Rogers",5.3,2017,16,"WR"
"Torrey","Smith",5.2,2017,16,"WR"
"Dontrelle","Inman",5,2017,16,"WR"
"Damiere","Byrd",5,2017,16,"WR"
"Kendrick","Bourne",5,2017,16,"WR"
"Cole","Beasley",4.8,2017,16,"WR"
"Chris","Moore",4.8,2017,16,"WR"
"Jaron","Brown",4.8,2017,16,"WR"
"Deonte","Thompson",4.8,2017,16,"WR"
"Zay","Jones",4.6,2017,16,"WR"
"Emmanuel","Sanders",4.5,2017,16,"WR"
"Cody","Latimer",4.4,2017,16,"WR"
"Seth","Roberts",4.3,2017,16,"WR"
"John","Brown",4.2,2017,16,"WR"
"Taylor","Gabriel",4,2017,16,"WR"
"Jordan","Taylor",4,2017,16,"WR"
"Josh","Bellamy",3.9,2017,16,"WR"
"Allen","Hurns",3.5,2017,16,"WR"
"Braxton","Miller",3.5,2017,16,"WR"
"Jarius","Wright",3.3,2017,16,"WR"
"Brice","Butler",3.3,2017,16,"WR"
"Willie","Snead",3.1,2017,16,"WR"
"Mike","Williams",3.1,2017,16,"WR"
"Tavon","Austin",3.1,2017,16,"WR"
"Phillip","Dorsett",2.9,2017,16,"WR"
"Cordarrelle","Patterson",2.9,2017,16,"WR"
"Justin","Hardy",2.8,2017,16,"WR"
"Laquon","Treadwell",2.8,2017,16,"WR"
"Demarcus","Robinson",2.8,2017,16,"WR"
"Tyler","Boyd",2.8,2017,16,"WR"
"Breshad","Perriman",2.6,2017,16,"WR"
"Alex","Erickson",2.1,2017,16,"WR"
"Russell","Shepard",2.1,2017,16,"WR"
"Josh","Malone",2.1,2017,16,"WR"
"Aldrick","Robinson",2,2017,16,"WR"
"Tommylee","Lewis",1.9,2017,16,"WR"
"Michael","Floyd",1.7,2017,16,"WR"
"Rashard","Higgins",1.7,2017,16,"WR"
"Taywan","Taylor",1.6,2017,16,"WR"
"Jakeem","Grant",1.6,2017,16,"WR"
"Kalif","Raymond",1.5,2017,16,"WR"
"Johnny","Holton",1.5,2017,16,"WR"
"Ricardo","Louis",1.5,2017,16,"WR"
"Brian","Quick",1.5,2017,16,"WR"
"Marvin","Hall",1.4,2017,16,"WR"
"Mack","Hollins",1.4,2017,16,"WR"
"Pharoh","Cooper",1.3,2017,16,"WR"
"Andy","Jones",1,2017,16,"WR"
"Trevor","Davis",1,2017,16,"WR"
"Jaelen","Strong",1,2017,16,"WR"
"DeAndrew","White",1,2017,16,"WR"
"Maurice","Harris",0.9,2017,16,"WR"
"Isaiah","McKenzie",0.9,2017,16,"WR"
"Chad","Williams",0.9,2017,16,"WR"
"Josh","Reynolds",0.9,2017,16,"WR"
"Shelton","Gibson",0.7,2017,16,"WR"
"Victor","Bolden",0.6,2017,16,"WR"
"Austin","Carr",0.6,2017,16,"WR"
"Noah","Brown",0.5,2017,16,"WR"
"Jehu","Chesson",0.5,2017,16,"WR"
"Max","McCaffrey",0.5,2017,16,"WR"
"Amara","Darboh",0.5,2017,16,"WR"
"Tanner","Gentry",0.5,2017,16,"WR"
"Reggie","Davis",0.5,2017,16,"WR"
"Matt","Slater",0.4,2017,16,"WR"
"Brittan","Golden",0.4,2017,16,"WR"
"Ryan","Switzer",0.4,2017,16,"WR"
"JoJo","Natson",0.4,2017,16,"WR"
"Cody","Core",0.4,2017,16,"WR"
"Geremy","Davis",0.3,2017,16,"WR"
"Andre","Roberts",0.3,2017,16,"WR"
"Marcus","Johnson",0.2,2017,16,"WR"
"Neal","Sterling",0.2,2017,16,"WR"
"Hunter","Sharp",0.1,2017,16,"WR"
"Vince","Mayle",0.1,2017,16,"WR"
"Isaac","Whitney",0,2017,16,"WR"
"Robert","Davis",0,2017,16,"WR"
"Darius","Jennings",0,2017,16,"WR"
"David","Moore",0,2017,16,"WR"
"Damore'ea","Stringfellow",0,2017,16,"WR"
"Krishawn","Hogan",0,2017,16,"WR"
"K.J.","Brent",0,2017,16,"WR"
"Le'Veon","Bell",22.8,2017,16,"RB"
"Todd","Gurley",18.6,2017,16,"RB"
"Ezekiel","Elliott",17.7,2017,16,"RB"
"Melvin","Gordon",17.4,2017,16,"RB"
"Alvin","Kamara",17.2,2017,16,"RB"
"Mark","Ingram",16.6,2017,16,"RB"
"Kareem","Hunt",16.3,2017,16,"RB"
"LeSean","McCoy",15.9,2017,16,"RB"
"Leonard","Fournette",15.6,2017,16,"RB"
"Kenyan","Drake",15.6,2017,16,"RB"
"Dion","Lewis",14.1,2017,16,"RB"
"Devonta","Freeman",14,2017,16,"RB"
"Jordan","Howard",13.9,2017,16,"RB"
"Christian","McCaffrey",13.6,2017,16,"RB"
"Carlos","Hyde",12.5,2017,16,"RB"
"Jamaal","Williams",11.8,2017,16,"RB"
"Latavius","Murray",11.7,2017,16,"RB"
"C.J.","Anderson",11.2,2017,16,"RB"
"Lamar","Miller",11.1,2017,16,"RB"
"Joe","Mixon",11,2017,16,"RB"
"Jerick","McKinnon",10.4,2017,16,"RB"
"Mike","Davis",9.9,2017,16,"RB"
"Theo","Riddick",9.6,2017,16,"RB"
"Kapri","Bibbs",9.2,2017,16,"RB"
"Isaiah","Crowell",9.1,2017,16,"RB"
"Frank","Gore",9,2017,16,"RB"
"Duke","Johnson",9,2017,16,"RB"
"Bilal","Powell",9,2017,16,"RB"
"James","White",8.2,2017,16,"RB"
"Peyton","Barber",8.1,2017,16,"RB"
"Samaje","Perine",7.4,2017,16,"RB"
"Derrick","Henry",7.4,2017,16,"RB"
"Tevin","Coleman",7.3,2017,16,"RB"
"Wayne","Gallman",7.3,2017,16,"RB"
"Tarik","Cohen",6.6,2017,16,"RB"
"J.D.","McKissic",6.4,2017,16,"RB"
"Javorius","Allen",6.2,2017,16,"RB"
"Devontae","Booker",6.1,2017,16,"RB"
"Giovani","Bernard",5.8,2017,16,"RB"
"Marlon","Mack",5.6,2017,16,"RB"
"Matt","Breida",5,2017,16,"RB"
"Ameer","Abdullah",4.7,2017,16,"RB"
"Aaron","Jones",4.7,2017,16,"RB"
"D.J.","Foster",4.6,2017,16,"RB"
"Corey","Clement",4.4,2017,16,"RB"
"T.J.","Yeldon",4.3,2017,16,"RB"
"Elijhaa","Penny",4.3,2017,16,"RB"
"Shane","Vereen",4,2017,16,"RB"
"DeAndre","Washington",4,2017,16,"RB"
"Jalen","Richard",3.8,2017,16,"RB"
"Doug","Martin",3.8,2017,16,"RB"
"Alfred","Blue",3.8,2017,16,"RB"
"Elijah","McGuire",3.7,2017,16,"RB"
"Andre","Ellington",3.4,2017,16,"RB"
"Austin","Ekeler",2.8,2017,16,"RB"
"Kyle","Juszczyk",2.7,2017,16,"RB"
"Damien","Williams",2.6,2017,16,"RB"
"Rod","Smith",2.4,2017,16,"RB"
"Malcolm","Brown",2.1,2017,16,"RB"
"Benny","Cunningham",2.1,2017,16,"RB"
"Senorise","Perry",1.8,2017,16,"RB"
"De'Angelo","Henderson",1.3,2017,16,"RB"
"Brandon","Bolden",1.1,2017,16,"RB"
"Thomas","Rawls",1,2017,16,"RB"
"James","Develin",0.9,2017,16,"RB"
"Cameron","Artis-Payne",0.7,2017,16,"RB"
"Brian","Hill",0.6,2017,16,"RB"
"Kenjon","Barner",0.6,2017,16,"RB"
"CJ","Ham",0.6,2017,16,"RB"
"Jamize","Olawale",0.6,2017,16,"RB"
"Dare","Ogunbowale",0.4,2017,16,"RB"
"Paul","Perkins",0.4,2017,16,"RB"
"Josh","Ferguson",0.4,2017,16,"RB"
"Michael","Burton",0.3,2017,16,"RB"
"Anthony","Sherman",0.3,2017,16,"RB"
"Trey","Edmunds",0.3,2017,16,"RB"
"Andy","Janovich",0.3,2017,16,"RB"
"Zach","Line",0.3,2017,16,"RB"
"Patrick","DiMarco",0.3,2017,16,"RB"
"Derek","Watt",0.3,2017,16,"RB"
"Matthew","Dayes",0.2,2017,16,"RB"
"David","Fluellen",0.2,2017,16,"RB"
"Keith","Smith",0.2,2017,16,"RB"
"Dan","Vitale",0.2,2017,16,"RB"
"Wendell","Smallwood",0.2,2017,16,"RB"
"Justin","Davis",0.1,2017,16,"RB"
"Roosevelt","Nix",0.1,2017,16,"RB"
"Taquan","Mizzell",0,2017,16,"RB"
"Jeremy","McNichols",0,2017,16,"RB"
"Brandon","Wilson",0,2017,16,"RB"
"Adrian","Peterson",0,2017,16,"RB"
"Jonathan","Williams",0,2017,16,"RB"
"Le'Veon","Bell",22.8,2017,16,"RB"
"Todd","Gurley",18.6,2017,16,"RB"
"Ezekiel","Elliott",17.7,2017,16,"RB"
"Melvin","Gordon",17.4,2017,16,"RB"
"Alvin","Kamara",17.2,2017,16,"RB"
"Mark","Ingram",16.6,2017,16,"RB"
"Kareem","Hunt",16.3,2017,16,"RB"
"LeSean","McCoy",15.9,2017,16,"RB"
"Leonard","Fournette",15.6,2017,16,"RB"
"Kenyan","Drake",15.6,2017,16,"RB"
"Dion","Lewis",14.1,2017,16,"RB"
"Devonta","Freeman",14,2017,16,"RB"
"Jordan","Howard",13.9,2017,16,"RB"
"Christian","McCaffrey",13.6,2017,16,"RB"
"Carlos","Hyde",12.5,2017,16,"RB"
"Jamaal","Williams",11.8,2017,16,"RB"
"Latavius","Murray",11.7,2017,16,"RB"
"C.J.","Anderson",11.2,2017,16,"RB"
"Lamar","Miller",11.1,2017,16,"RB"
"Joe","Mixon",11,2017,16,"RB"
"Jerick","McKinnon",10.4,2017,16,"RB"
"Mike","Davis",9.9,2017,16,"RB"
"Theo","Riddick",9.6,2017,16,"RB"
"Kapri","Bibbs",9.2,2017,16,"RB"
"Isaiah","Crowell",9.1,2017,16,"RB"
"Frank","Gore",9,2017,16,"RB"
"Duke","Johnson",9,2017,16,"RB"
"Bilal","Powell",9,2017,16,"RB"
"James","White",8.2,2017,16,"RB"
"Peyton","Barber",8.1,2017,16,"RB"
"Samaje","Perine",7.4,2017,16,"RB"
"Derrick","Henry",7.4,2017,16,"RB"
"Tevin","Coleman",7.3,2017,16,"RB"
"Wayne","Gallman",7.3,2017,16,"RB"
"Tarik","Cohen",6.6,2017,16,"RB"
"J.D.","McKissic",6.4,2017,16,"RB"
"Javorius","Allen",6.2,2017,16,"RB"
"Devontae","Booker",6.1,2017,16,"RB"
"Giovani","Bernard",5.8,2017,16,"RB"
"Marlon","Mack",5.6,2017,16,"RB"
"Matt","Breida",5,2017,16,"RB"
"Ameer","Abdullah",4.7,2017,16,"RB"
"Aaron","Jones",4.7,2017,16,"RB"
"D.J.","Foster",4.6,2017,16,"RB"
"Corey","Clement",4.4,2017,16,"RB"
"T.J.","Yeldon",4.3,2017,16,"RB"
"Elijhaa","Penny",4.3,2017,16,"RB"
"Shane","Vereen",4,2017,16,"RB"
"DeAndre","Washington",4,2017,16,"RB"
"Jalen","Richard",3.8,2017,16,"RB"
"Doug","Martin",3.8,2017,16,"RB"
"Alfred","Blue",3.8,2017,16,"RB"
"Elijah","McGuire",3.7,2017,16,"RB"
"Andre","Ellington",3.4,2017,16,"RB"
"Austin","Ekeler",2.8,2017,16,"RB"
"Kyle","Juszczyk",2.7,2017,16,"RB"
"Damien","Williams",2.6,2017,16,"RB"
"Rod","Smith",2.4,2017,16,"RB"
"Malcolm","Brown",2.1,2017,16,"RB"
"Benny","Cunningham",2.1,2017,16,"RB"
"Senorise","Perry",1.8,2017,16,"RB"
"De'Angelo","Henderson",1.3,2017,16,"RB"
"Brandon","Bolden",1.1,2017,16,"RB"
"Thomas","Rawls",1,2017,16,"RB"
"James","Develin",0.9,2017,16,"RB"
"Cameron","Artis-Payne",0.7,2017,16,"RB"
"Brian","Hill",0.6,2017,16,"RB"
"Kenjon","Barner",0.6,2017,16,"RB"
"CJ","Ham",0.6,2017,16,"RB"
"Jamize","Olawale",0.6,2017,16,"RB"
"Dare","Ogunbowale",0.4,2017,16,"RB"
"Paul","Perkins",0.4,2017,16,"RB"
"Josh","Ferguson",0.4,2017,16,"RB"
"Michael","Burton",0.3,2017,16,"RB"
"Anthony","Sherman",0.3,2017,16,"RB"
"Trey","Edmunds",0.3,2017,16,"RB"
"Andy","Janovich",0.3,2017,16,"RB"
"Zach","Line",0.3,2017,16,"RB"
"Patrick","DiMarco",0.3,2017,16,"RB"
"Derek","Watt",0.3,2017,16,"RB"
"Matthew","Dayes",0.2,2017,16,"RB"
"David","Fluellen",0.2,2017,16,"RB"
"Keith","Smith",0.2,2017,16,"RB"
"Dan","Vitale",0.2,2017,16,"RB"
"Wendell","Smallwood",0.2,2017,16,"RB"
"Justin","Davis",0.1,2017,16,"RB"
"Roosevelt","Nix",0.1,2017,16,"RB"
"Taquan","Mizzell",0,2017,16,"RB"
"Jeremy","McNichols",0,2017,16,"RB"
"Brandon","Wilson",0,2017,16,"RB"
"Adrian","Peterson",0,2017,16,"RB"
"Jonathan","Williams",0,2017,16,"RB"
"Patrick","Mahomes",22.3,2018,16,"QB"
"Matt","Ryan",19.6,2018,16,"QB"
"Drew","Brees",19.6,2018,16,"QB"
"Ben","Roethlisberger",19.4,2018,16,"QB"
"Andrew","Luck",19.3,2018,16,"QB"
"Russell","Wilson",18.9,2018,16,"QB"
"Aaron","Rodgers",18.9,2018,16,"QB"
"Dak","Prescott",18.8,2018,16,"QB"
"Kirk","Cousins",18.6,2018,16,"QB"
"Jared","Goff",18.5,2018,16,"QB"
"Tom","Brady",18.3,2018,16,"QB"
"Deshaun","Watson",18.3,2018,16,"QB"
"Mitch","Trubisky",17.9,2018,16,"QB"
"Lamar","Jackson",17.3,2018,16,"QB"
"Josh","Allen",17.2,2018,16,"QB"
"Philip","Rivers",17,2018,16,"QB"
"Baker","Mayfield",16.9,2018,16,"QB"
"Jameis","Winston",16.5,2018,16,"QB"
"Nick","Foles",16.2,2018,16,"QB"
"Case","Keenum",15.1,2018,16,"QB"
"Sam","Darnold",14.5,2018,16,"QB"
"Marcus","Mariota",14.4,2018,16,"QB"
"Derek","Carr",14.4,2018,16,"QB"
"Eli","Manning",14.3,2018,16,"QB"
"Ryan","Tannehill",14,2018,16,"QB"
"Taylor","Heinicke",13.7,2018,16,"QB"
"Nick","Mullens",13.6,2018,16,"QB"
"Matthew","Stafford",13.1,2018,16,"QB"
"Cody","Kessler",12.1,2018,16,"QB"
"Jeff","Driskel",12,2018,16,"QB"
"Josh","Rosen",9.7,2018,16,"QB"
"Taysom","Hill",1.4,2018,16,"QB"
"Blake","Bortles",0.6,2018,16,"QB"
"Joe","Flacco",0.5,2018,16,"QB"
"Blaine","Gabbert",0.3,2018,16,"QB"
"Trevor","Siemian",0.3,2018,16,"QB"
"C.J.","Beathard",0.3,2018,16,"QB"
"Cooper","Rush",0.3,2018,16,"QB"
"Tom","Savage",0.2,2018,16,"QB"
"Nate","Sudfeld",0.2,2018,16,"QB"
"Brett","Hundley",0.2,2018,16,"QB"
"Chase","Daniel",0.2,2018,16,"QB"
"Chad","Henne",0.2,2018,16,"QB"
"Matt","Barkley",0.2,2018,16,"QB"
"Mike","Glennon",0.2,2018,16,"QB"
"Brian","Hoyer",0.2,2018,16,"QB"
"Tyrod","Taylor",0.1,2018,16,"QB"
"Jacoby","Brissett",0.1,2018,16,"QB"
"Joshua","Dobbs",0.1,2018,16,"QB"
"Geno","Smith",0.1,2018,16,"QB"
"Sean","Mannion",0.1,2018,16,"QB"
"DeShone","Kizer",0.1,2018,16,"QB"
"Teddy","Bridgewater",0.1,2018,16,"QB"
"Kevin","Hogan",0.1,2018,16,"QB"
"Matt","Schaub",0.1,2018,16,"QB"
"Ryan","Fitzpatrick",0.1,2018,16,"QB"
"AJ","McCarron",0,2018,16,"QB"
"Alex","Tanney",0,2018,16,"QB"
"Kyle","Allen",0,2018,16,"QB"
"Danny","Etling",0,2018,16,"QB"
"J.T.","Barrett",0,2018,16,"QB"
"Quinton","Flowers",0,2018,16,"QB"
"Kurt","Benkert",0,2018,16,"QB"
"Luke","Falk",0,2018,16,"QB"
"Joe","Callahan",0,2018,16,"QB"
"Derek","Anderson",0,2018,16,"QB"
"Garrett","Gilbert",0,2018,16,"QB"
"Jake","Rudock",0,2018,16,"QB"
"Cam","Newton",0,2018,16,"QB"
"Brandon","Allen",0,2018,16,"QB"
"Joe","Webb",0,2018,16,"QB"
"Connor","Cook",0,2018,16,"QB"
"Nathan","Peterman",0,2018,16,"QB"
"Alex","McGough",0,2018,16,"QB"
"Logan","Woodside",0,2018,16,"QB"
"Jameill","Showers",0,2018,16,"QB"
"Drew","Stanton",0,2018,16,"QB"
"Ryan","Griffin",0,2018,16,"QB"
"Chad","Kanoff",0,2018,16,"QB"
"Tanner","Lee",0,2018,16,"QB"
"Mason","Rudolph",0,2018,16,"QB"
"Cardale","Jones",0,2018,16,"QB"
"Andy","Dalton",0,2018,16,"QB"
"Chad","Kelly",0,2018,16,"QB"
"Colt","McCoy",0,2018,16,"QB"
"Travis","Kelce",16.2,2018,16,"TE"
"George","Kittle",12.2,2018,16,"TE"
"Eric","Ebron",12.1,2018,16,"TE"
"Zach","Ertz",11.6,2018,16,"TE"
"Jared","Cook",10.9,2018,16,"TE"
"Evan","Engram",9.5,2018,16,"TE"
"David","Njoku",8.4,2018,16,"TE"
"Chris","Herndon",8.4,2018,16,"TE"
"Austin","Hooper",7.8,2018,16,"TE"
"Jimmy","Graham",7,2018,16,"TE"
"Cameron","Brate",6.9,2018,16,"TE"
"Kyle","Rudolph",6.7,2018,16,"TE"
"Vance","McDonald",6.6,2018,16,"TE"
"Trey","Burton",6.1,2018,16,"TE"
"Ian","Thomas",6,2018,16,"TE"
"C.J.","Uzomah",5.7,2018,16,"TE"
"Gerald","Everett",5.3,2018,16,"TE"
"Matt","LaCosse",5.3,2018,16,"TE"
"Ricky","Seals-Jones",4.9,2018,16,"TE"
"Jeremy","Sprinkle",4.9,2018,16,"TE"
"Blake","Jarwin",4.9,2018,16,"TE"
"Benjamin","Watson",4.4,2018,16,"TE"
"Dallas","Goedert",4.3,2018,16,"TE"
"Nick","Vannett",3.8,2018,16,"TE"
"Jordan","Thomas",3.6,2018,16,"TE"
"Jesse","James",3.5,2018,16,"TE"
"James","O'Shaughnessy",3.4,2018,16,"TE"
"Ed","Dickson",3.4,2018,16,"TE"
"Mark","Andrews",3.4,2018,16,"TE"
"Anthony","Firkser",3.3,2018,16,"TE"
"Levine","Toilolo",3.3,2018,16,"TE"
"Luke","Stocker",3.2,2018,16,"TE"
"Dalton","Schultz",3,2018,16,"TE"
"Tyler","Higbee",3,2018,16,"TE"
"Mo","Alie-Cox",2.9,2018,16,"TE"
"Rhett","Ellison",2.8,2018,16,"TE"
"Logan","Thomas",2.7,2018,16,"TE"
"Demetrius","Harris",2.6,2018,16,"TE"
"Jason","Croom",2.6,2018,16,"TE"
"Jordan","Akins",2.6,2018,16,"TE"
"Dan","Arnold",2.5,2018,16,"TE"
"Jordan","Leggett",2.5,2018,16,"TE"
"Nick","O'Leary",2.4,2018,16,"TE"
"Mike","Gesicki",2.4,2018,16,"TE"
"Virgil","Green",2.3,2018,16,"TE"
"Adam","Shaheen",2.3,2018,16,"TE"
"Luke","Willson",2.2,2018,16,"TE"
"Darren","Fells",2.2,2018,16,"TE"
"Josh","Hill",2.2,2018,16,"TE"
"Matt","Flanagan",2,2018,16,"TE"
"Hayden","Hurst",1.8,2018,16,"TE"
"Garrett","Celek",1.8,2018,16,"TE"
"Nick","Boyle",1.7,2018,16,"TE"
"Chris","Manhertz",1.7,2018,16,"TE"
"MyCole","Pruitt",1.7,2018,16,"TE"
"Seth","DeValve",1.6,2018,16,"TE"
"Derek","Carrier",1.5,2018,16,"TE"
"Blake","Bell",1.5,2018,16,"TE"
"Lee","Smith",1.5,2018,16,"TE"
"Maxx","Williams",1.4,2018,16,"TE"
"Tyler","Conklin",1.3,2018,16,"TE"
"Darren","Waller",1.3,2018,16,"TE"
"Antony","Auclair",1.3,2018,16,"TE"
"Logan","Paulsen",1.1,2018,16,"TE"
"Jacob","Hollister",0.9,2018,16,"TE"
"Clive","Walford",0.8,2018,16,"TE"
"David","Morgan",0.7,2018,16,"TE"
"Eric","Tomlinson",0.7,2018,16,"TE"
"Dwayne","Allen",0.7,2018,16,"TE"
"Rico","Gathers",0.6,2018,16,"TE"
"Marcedes","Lewis",0.6,2018,16,"TE"
"Robert","Tonyan",0.6,2018,16,"TE"
"Eric","Saubert",0.6,2018,16,"TE"
"Richard","Rodgers",0.5,2018,16,"TE"
"Ben","Koyack",0.5,2018,16,"TE"
"Temarrick","Hemingway",0.5,2018,16,"TE"
"Joshua","Perkins",0.5,2018,16,"TE"
"Xavier","Grimble",0.5,2018,16,"TE"
"Scott","Simonson",0.4,2018,16,"TE"
"Jerell","Adams",0.4,2018,16,"TE"
"Ross","Dwelley",0.4,2018,16,"TE"
"Tyrone","Swoopes",0.4,2018,16,"TE"
"Durham","Smythe",0.4,2018,16,"TE"
"Jerome","Cunningham",0.3,2018,16,"TE"
"Daniel","Brown",0.3,2018,16,"TE"
"Ben","Braunecker",0.2,2018,16,"TE"
"Orson","Charles",0.2,2018,16,"TE"
"Darrell","Daniels",0,2018,16,"TE"
"Erik","Swoope",0,2018,16,"TE"
"Deon","Yelder",0,2018,16,"TE"
"Troy","Fumagalli",0,2018,16,"TE"
"Marcus","Baugh",0,2018,16,"TE"
"Will","Tye",0,2018,16,"TE"
"Garrett","Griffin",0,2018,16,"TE"
"Garrett","Dickerson",0,2018,16,"TE"
"Evan","Baylis",0,2018,16,"TE"
"Stephen","Anderson",0,2018,16,"TE"
"Clark","Harris",0,2018,16,"TE"
"Davante","Adams",18.5,2018,16,"WR"
"Julio","Jones",17.9,2018,16,"WR"
"Tyreek","Hill",17.9,2018,16,"WR"
"DeAndre","Hopkins",17.8,2018,16,"WR"
"Antonio","Brown",16.9,2018,16,"WR"
"Michael","Thomas",15.7,2018,16,"WR"
"JuJu","Smith-Schuster",15.3,2018,16,"WR"
"T.Y.","Hilton",15,2018,16,"WR"
"Robert","Woods",14.6,2018,16,"WR"
"Amari","Cooper",14.5,2018,16,"WR"
"Keenan","Allen",14,2018,16,"WR"
"Mike","Evans",13.9,2018,16,"WR"
"Brandin","Cooks",13.8,2018,16,"WR"
"Adam","Thielen",13.7,2018,16,"WR"
"Stefon","Diggs",13.7,2018,16,"WR"
"Julian","Edelman",13.2,2018,16,"WR"
"Alshon","Jeffery",12.4,2018,16,"WR"
"Kenny","Golladay",12.2,2018,16,"WR"
"Tyler","Lockett",11.5,2018,16,"WR"
"Robby","Anderson",11.4,2018,16,"WR"
"Jarvis","Landry",10.9,2018,16,"WR"
"Corey","Davis",10.7,2018,16,"WR"
"Allen","Robinson",10.7,2018,16,"WR"
"Dede","Westbrook",10.5,2018,16,"WR"
"Dante","Pettis",10.4,2018,16,"WR"
"D.J.","Moore",10.1,2018,16,"WR"
"Sterling","Shepard",10.1,2018,16,"WR"
"DaeSean","Hamilton",9.8,2018,16,"WR"
"Mohamed","Sanu",9.8,2018,16,"WR"
"Robert","Foster",9.6,2018,16,"WR"
"Larry","Fitzgerald",9.3,2018,16,"WR"
"Mike","Williams",9.2,2018,16,"WR"
"Calvin","Ridley",8.8,2018,16,"WR"
"Kenny","Stills",8.8,2018,16,"WR"
"Golden","Tate",8.5,2018,16,"WR"
"Courtland","Sutton",8.2,2018,16,"WR"
"Tim","Patrick",8.2,2018,16,"WR"
"Demaryius","Thomas",8.1,2018,16,"WR"
"Adam","Humphries",7.9,2018,16,"WR"
"Josh","Reynolds",7.8,2018,16,"WR"
"Curtis","Samuel",7.8,2018,16,"WR"
"Jamison","Crowder",7.7,2018,16,"WR"
"Taylor","Gabriel",7.6,2018,16,"WR"
"DeSean","Jackson",7.5,2018,16,"WR"
"John","Ross",7.3,2018,16,"WR"
"Tyrell","Williams",7.3,2018,16,"WR"
"Donte","Moncrief",7.2,2018,16,"WR"
"Marquez","Valdes-Scantling",7.1,2018,16,"WR"
"Zay","Jones",6.8,2018,16,"WR"
"Chris","Godwin",6.7,2018,16,"WR"
"Chris","Hogan",6.6,2018,16,"WR"
"Danny","Amendola",6.6,2018,16,"WR"
"Josh","Doctson",6.5,2018,16,"WR"
"Isaiah","McKenzie",6.4,2018,16,"WR"
"Antonio","Callaway",6.4,2018,16,"WR"
"Taywan","Taylor",6.3,2018,16,"WR"
"Cody","Latimer",6.2,2018,16,"WR"
"Chris","Conley",6.1,2018,16,"WR"
"Seth","Roberts",6,2018,16,"WR"
"Nelson","Agholor",6,2018,16,"WR"
"Michael","Gallup",5.7,2018,16,"WR"
"Jermaine","Kearse",5.7,2018,16,"WR"
"Alex","Erickson",5.7,2018,16,"WR"
"Equanimeous","St.",5.7,2018,16,"WR"
"Willie","Snead",5.6,2018,16,"WR"
"Devante","Parker",5.6,2018,16,"WR"
"Andy","Jones",5.6,2018,16,"WR"
"DeAndre","Carter",5.4,2018,16,"WR"
"Anthony","Miller",5.4,2018,16,"WR"
"David","Moore",5.4,2018,16,"WR"
"John","Brown",5.3,2018,16,"WR"
"Cody","Core",5.3,2018,16,"WR"
"Rashard","Higgins",5.2,2018,16,"WR"
"Marcell","Ateman",5.1,2018,16,"WR"
"Dontrelle","Inman",5.1,2018,16,"WR"
"Cole","Beasley",5,2018,16,"WR"
"Tre'Quan","Smith",5,2018,16,"WR"
"Trent","Sherfield",4.8,2018,16,"WR"
"Kendrick","Bourne",4.7,2018,16,"WR"
"Ted","Ginn",4.7,2018,16,"WR"
"Cordarrelle","Patterson",4.6,2018,16,"WR"
"Chad","Beebe",4.6,2018,16,"WR"
"Jarius","Wright",4.6,2018,16,"WR"
"Phillip","Dorsett",4.6,2018,16,"WR"
"Keith","Kirkwood",4.6,2018,16,"WR"
"Laquon","Treadwell",4.5,2018,16,"WR"
"Bennie","Fowler",4.5,2018,16,"WR"
"Marquise","Goodwin",4.4,2018,16,"WR"
"Andre","Roberts",4.4,2018,16,"WR"
"Chad","Williams",4.4,2018,16,"WR"
"Zach","Pascal",4.3,2018,16,"WR"
"Aldrick","Robinson",4.2,2018,16,"WR"
"Devin","Funchess",4.1,2018,16,"WR"
"Demarcus","Robinson",4.1,2018,16,"WR"
"Keelan","Cole",4.1,2018,16,"WR"
"Breshad","Perriman",4.1,2018,16,"WR"
"Tajae","Sharpe",3.8,2018,16,"WR"
"Ryan","Switzer",3.8,2018,16,"WR"
"Brice","Butler",3.7,2018,16,"WR"
"Allen","Hurns",3.4,2018,16,"WR"
"J.D.","McKissic",3.2,2018,16,"WR"
"Chester","Rogers",3.2,2018,16,"WR"
"James","Washington",3.1,2018,16,"WR"
"Ryan","Grant",3.1,2018,16,"WR"
"Corey","Coleman",3.1,2018,16,"WR"
"Eli","Rogers",2.7,2018,16,"WR"
"Brandon","Powell",2.7,2018,16,"WR"
"Travis","Benjamin",2.7,2018,16,"WR"
"Jalen","Tolliver",2.5,2018,16,"WR"
"J.J.","Nelson",2.5,2018,16,"WR"
"Jaron","Brown",2.5,2018,16,"WR"
"Michael","Floyd",2.4,2018,16,"WR"
"Auden","Tate",2.4,2018,16,"WR"
"Jordan","Matthews",2.3,2018,16,"WR"
"Trent","Taylor",2.2,2018,16,"WR"
"Chris","Moore",2.1,2018,16,"WR"
"Justin","Hardy",1.9,2018,16,"WR"
"Torrey","Smith",1.8,2018,16,"WR"
"Deonte","Thompson",1.7,2018,16,"WR"
"Cam","Batson",1.7,2018,16,"WR"
"Jake","Kumerow",1.7,2018,16,"WR"
"Marvin","Hall",1.6,2018,16,"WR"
"Vyncint","Smith",1.5,2018,16,"WR"
"Russell","Shepard",1.5,2018,16,"WR"
"Charone","Peake",1.5,2018,16,"WR"
"Josh","Bellamy",1.4,2018,16,"WR"
"Damion","Ratley",1.4,2018,16,"WR"
"Tommylee","Lewis",1.4,2018,16,"WR"
"Ray-Ray","McCloud",1.4,2018,16,"WR"
"Lance","Lenoir",1.1,2018,16,"WR"
"Darius","Jennings",1.1,2018,16,"WR"
"Jawill","Davis",1,2018,16,"WR"
"Jehu","Chesson",1,2018,16,"WR"
"Josh","Malone",0.9,2018,16,"WR"
"Keon","Hatcher",0.9,2018,16,"WR"
"Hunter","Sharp",0.9,2018,16,"WR"
"Bobo","Wilson",0.8,2018,16,"WR"
"Jordan","Taylor",0.7,2018,16,"WR"
"J'Mon","Moore",0.7,2018,16,"WR"
"JoJo","Natson",0.7,2018,16,"WR"
"Marcus","Johnson",0.7,2018,16,"WR"
"Shelton","Gibson",0.6,2018,16,"WR"
"Deontay","Burnett",0.6,2018,16,"WR"
"Austin","Carr",0.6,2018,16,"WR"
"Russell","Gage",0.5,2018,16,"WR"
"Noah","Brown",0.5,2018,16,"WR"
"River","Cracraft",0.5,2018,16,"WR"
"Richie","James",0.4,2018,16,"WR"
"Javon","Wims",0.4,2018,16,"WR"
"Matt","Slater",0.4,2018,16,"WR"
"Kevin","White",0.4,2018,16,"WR"
"Khadarel","Hodge",0.4,2018,16,"WR"
"Johnny","Holton",0.4,2018,16,"WR"
"Tim","White",0.3,2018,16,"WR"
"Brandon","Zylstra",0.3,2018,16,"WR"
"Dwayne","Harris",0.3,2018,16,"WR"
"Pharoh","Cooper",0.2,2018,16,"WR"
"Malik","Turner",0.2,2018,16,"WR"
"Marcus","Kemp",0.2,2018,16,"WR"
"Brian","Quick",0.2,2018,16,"WR"
"Geremy","Davis",0.2,2018,16,"WR"
"Deontez","Alexander",0,2018,16,"WR"
"Justin","Hardee",0,2018,16,"WR"
"DeAndrew","White",0,2018,16,"WR"
"Braxton","Berrios",0,2018,16,"WR"
"Reggie","Davis",0,2018,16,"WR"
"Da'Mari","Scott",0,2018,16,"WR"
"Simmie","Cobbs",0,2018,16,"WR"
"Quadree","Henderson",0,2018,16,"WR"
"Ricardo","Louis",0,2018,16,"WR"
"Terrelle","Pryor",0,2018,16,"WR"
"Vince","Mayle",0,2018,16,"WR"
"Max","McCaffrey",0,2018,16,"WR"
"Tanner","Gentry",0,2018,16,"WR"
"Aaron","Burbridge",0,2018,16,"WR"
"Cam","Phillips",0,2018,16,"WR"
"J.J.","Jones",0,2018,16,"WR"
"Keenan","Reynolds",0,2018,16,"WR"
"Braxton","Miller",0,2018,16,"WR"
"Jaelen","Strong",0,2018,16,"WR"
"Cam","Sims",0,2018,16,"WR"
"Victor","Bolden",0,2018,16,"WR"
"Robert","Davis",0,2018,16,"WR"
"K.J.","Brent",0,2018,16,"WR"
"Brittan","Golden",0,2018,16,"WR"
"Brandon","Reilly",0,2018,16,"WR"
"Mike","Thomas",0,2018,16,"WR"
"Deon","Cain",0,2018,16,"WR"
"Shaq","Roland",0,2018,16,"WR"
"Davon","Grayson",0,2018,16,"WR"
"Shane","Wynn",0,2018,16,"WR"
"Kalif","Raymond",0,2018,16,"WR"
"Sergio","Bailey",0,2018,16,"WR"
"Mack","Hollins",0,2018,16,"WR"
"Cedrick","Wilson",0,2018,16,"WR"
"Austin","Proehl",0,2018,16,"WR"
"Saeed","Blacknall",0,2018,16,"WR"
"George","Odum",0,2018,16,"WR"
"Isaac","Whitney",0,2018,16,"WR"
"Charles","Johnson",0,2018,16,"WR"
"Amara","Darboh",0,2018,16,"WR"
"Krishawn","Hogan",0,2018,16,"WR"
"Ezekiel","Elliott",22.9,2018,16,"RB"
"Christian","McCaffrey",20.9,2018,16,"RB"
"Saquon","Barkley",20.5,2018,16,"RB"
"Alvin","Kamara",18.5,2018,16,"RB"
"Nick","Chubb",17.8,2018,16,"RB"
"Melvin","Gordon",17.3,2018,16,"RB"
"Joe","Mixon",16,2018,16,"RB"
"Phillip","Lindsay",16,2018,16,"RB"
"Derrick","Henry",15.4,2018,16,"RB"
"Chris","Carson",15.1,2018,16,"RB"
"David","Johnson",14.9,2018,16,"RB"
"Dalvin","Cook",14.8,2018,16,"RB"
"Damien","Williams",14,2018,16,"RB"
"Marlon","Mack",13.9,2018,16,"RB"
"Jaylen","Samuels",13.7,2018,16,"RB"
"Jamaal","Williams",13.6,2018,16,"RB"
"Tevin","Coleman",13.3,2018,16,"RB"
"Tarik","Cohen",13,2018,16,"RB"
"Sony","Michel",12.3,2018,16,"RB"
"Leonard","Fournette",12.1,2018,16,"RB"
"Elijah","McGuire",12,2018,16,"RB"
"Mark","Ingram",11.6,2018,16,"RB"
"Alfred","Blue",11.3,2018,16,"RB"
"Matt","Breida",11.3,2018,16,"RB"
"Jordan","Howard",10.9,2018,16,"RB"
"Doug","Martin",10.7,2018,16,"RB"
"Gus","Edwards",10.3,2018,16,"RB"
"Kalen","Ballage",10.3,2018,16,"RB"
"James","White",10,2018,16,"RB"
"Kenyan","Drake",9.5,2018,16,"RB"
"LeSean","McCoy",9.5,2018,16,"RB"
"Peyton","Barber",9.1,2018,16,"RB"
"Jalen","Richard",8.8,2018,16,"RB"
"Theo","Riddick",8.7,2018,16,"RB"
"Adrian","Peterson",8.3,2018,16,"RB"
"Josh","Adams",8.3,2018,16,"RB"
"Zach","Zenner",7.9,2018,16,"RB"
"Dion","Lewis",7.6,2018,16,"RB"
"Nyheim","Hines",7.5,2018,16,"RB"
"Kenneth","Dixon",7.1,2018,16,"RB"
"Duke","Johnson",6.9,2018,16,"RB"
"Trenton","Cannon",6.6,2018,16,"RB"
"Chris","Thompson",6.6,2018,16,"RB"
"Mike","Davis",6,2018,16,"RB"
"Jeff","Wilson",5.5,2018,16,"RB"
"Latavius","Murray",5.4,2018,16,"RB"
"Royce","Freeman",5.3,2018,16,"RB"
"Rex","Burkhead",5.2,2018,16,"RB"
"Wendell","Smallwood",5.1,2018,16,"RB"
"Giovani","Bernard",5.1,2018,16,"RB"
"Justin","Jackson",5,2018,16,"RB"
"Darrel","Williams",4.9,2018,16,"RB"
"D'Onta","Foreman",4.5,2018,16,"RB"
"C.J.","Anderson",3.9,2018,16,"RB"
"Kapri","Bibbs",3.9,2018,16,"RB"
"Chase","Edmonds",3.6,2018,16,"RB"
"Cordarrelle","Patterson",3.4,2018,16,"RB"
"Brian","Hill",3.2,2018,16,"RB"
"Kyle","Juszczyk",3.1,2018,16,"RB"
"Carlos","Hyde",3,2018,16,"RB"
"Devontae","Booker",2.9,2018,16,"RB"
"Wayne","Gallman",2.6,2018,16,"RB"
"Cameron","Artis-Payne",2.6,2018,16,"RB"
"Rod","Smith",1.8,2018,16,"RB"
"Jordan","Wilkins",1.7,2018,16,"RB"
"Ty","Montgomery",1.6,2018,16,"RB"
"Ronald","Jones",1.6,2018,16,"RB"
"Dontrell","Hilliard",1.6,2018,16,"RB"
"Taquan","Mizzell",1.5,2018,16,"RB"
"DeAndre","Washington",1.4,2018,16,"RB"
"James","Develin",1.3,2018,16,"RB"
"John","Kelly",1.3,2018,16,"RB"
"Brandon","Bolden",1.2,2018,16,"RB"
"Anthony","Sherman",1.1,2018,16,"RB"
"Andy","Janovich",1.1,2018,16,"RB"
"Detrez","Newsome",1,2018,16,"RB"
"Elijhaa","Penny",1,2018,16,"RB"
"Alex","Armah",1,2018,16,"RB"
"Tra","Carson",0.9,2018,16,"RB"
"J.D.","McKissic",0.7,2018,16,"RB"
"Zach","Line",0.6,2018,16,"RB"
"T.J.","Logan",0.5,2018,16,"RB"
"Matthew","Dayes",0.5,2018,16,"RB"
"Patrick","DiMarco",0.4,2018,16,"RB"
"Ameer","Abdullah",0.4,2018,16,"RB"
"Boston","Scott",0.4,2018,16,"RB"
"CJ","Ham",0.4,2018,16,"RB"
"Trey","Edmunds",0.4,2018,16,"RB"
"Dan","Vitale",0.3,2018,16,"RB"
"Jamize","Olawale",0.3,2018,16,"RB"
"Gregory","Howell",0.3,2018,16,"RB"
"Roosevelt","Nix",0.3,2018,16,"RB"
"Mark","Walton",0.3,2018,16,"RB"
"Keith","Smith",0.3,2018,16,"RB"
"De'Lance","Turner",0.3,2018,16,"RB"
"Ricky","Ortiz",0.3,2018,16,"RB"
"Justin","Davis",0.3,2018,16,"RB"
"Jeremy","McNichols",0.3,2018,16,"RB"
"Dare","Ogunbowale",0.2,2018,16,"RB"
"Senorise","Perry",0.2,2018,16,"RB"
"Derek","Watt",0.2,2018,16,"RB"
"Kenjon","Barner",0.2,2018,16,"RB"
"Michael","Burton",0.2,2018,16,"RB"
"Dwayne","Washington",0.2,2018,16,"RB"
"De'Angelo","Henderson",0.2,2018,16,"RB"
"Benny","Cunningham",0.1,2018,16,"RB"
"Dalyn","Dawkins",0,2018,16,"RB"
"Roc","Thomas",0,2018,16,"RB"
"Khalid","Hill",0,2018,16,"RB"
"Elijah","Wellman",0,2018,16,"RB"
"Shane","Vereen",0,2018,16,"RB"
"Thomas","Rawls",0,2018,16,"RB"
"Donnie","Ernsberger",0,2018,16,"RB"
"Josh","Ferguson",0,2018,16,"RB"
"Andre","Ellington",0,2018,16,"RB"
"Donnel","Pumphrey",0,2018,16,"RB"
"Brandon","Wilson",0,2018,16,"RB"
"Khalfani","Muhammad",0,2018,16,"RB"
"Taiwan","Jones",0,2018,16,"RB"
"Mark","Thompson",0,2018,16,"RB"
"Tyler","Ervin",0,2018,16,"RB"
"Ezekiel","Elliott",22.9,2018,16,"RB"
"Christian","McCaffrey",20.9,2018,16,"RB"
"Saquon","Barkley",20.5,2018,16,"RB"
"Alvin","Kamara",18.5,2018,16,"RB"
"Nick","Chubb",17.8,2018,16,"RB"
"Melvin","Gordon",17.3,2018,16,"RB"
"Joe","Mixon",16,2018,16,"RB"
"Phillip","Lindsay",16,2018,16,"RB"
"Derrick","Henry",15.4,2018,16,"RB"
"Chris","Carson",15.1,2018,16,"RB"
"David","Johnson",14.9,2018,16,"RB"
"Dalvin","Cook",14.8,2018,16,"RB"
"Damien","Williams",14,2018,16,"RB"
"Marlon","Mack",13.9,2018,16,"RB"
"Jaylen","Samuels",13.7,2018,16,"RB"
"Jamaal","Williams",13.6,2018,16,"RB"
"Tevin","Coleman",13.3,2018,16,"RB"
"Tarik","Cohen",13,2018,16,"RB"
"Sony","Michel",12.3,2018,16,"RB"
"Leonard","Fournette",12.1,2018,16,"RB"
"Elijah","McGuire",12,2018,16,"RB"
"Mark","Ingram",11.6,2018,16,"RB"
"Alfred","Blue",11.3,2018,16,"RB"
"Matt","Breida",11.3,2018,16,"RB"
"Jordan","Howard",10.9,2018,16,"RB"
"Doug","Martin",10.7,2018,16,"RB"
"Gus","Edwards",10.3,2018,16,"RB"
"Kalen","Ballage",10.3,2018,16,"RB"
"James","White",10,2018,16,"RB"
"Kenyan","Drake",9.5,2018,16,"RB"
"LeSean","McCoy",9.5,2018,16,"RB"
"Peyton","Barber",9.1,2018,16,"RB"
"Jalen","Richard",8.8,2018,16,"RB"
"Theo","Riddick",8.7,2018,16,"RB"
"Adrian","Peterson",8.3,2018,16,"RB"
"Josh","Adams",8.3,2018,16,"RB"
"Zach","Zenner",7.9,2018,16,"RB"
"Dion","Lewis",7.6,2018,16,"RB"
"Nyheim","Hines",7.5,2018,16,"RB"
"Kenneth","Dixon",7.1,2018,16,"RB"
"Duke","Johnson",6.9,2018,16,"RB"
"Trenton","Cannon",6.6,2018,16,"RB"
"Chris","Thompson",6.6,2018,16,"RB"
"Mike","Davis",6,2018,16,"RB"
"Jeff","Wilson",5.5,2018,16,"RB"
"Latavius","Murray",5.4,2018,16,"RB"
"Royce","Freeman",5.3,2018,16,"RB"
"Rex","Burkhead",5.2,2018,16,"RB"
"Wendell","Smallwood",5.1,2018,16,"RB"
"Giovani","Bernard",5.1,2018,16,"RB"
"Justin","Jackson",5,2018,16,"RB"
"Darrel","Williams",4.9,2018,16,"RB"
"D'Onta","Foreman",4.5,2018,16,"RB"
"C.J.","Anderson",3.9,2018,16,"RB"
"Kapri","Bibbs",3.9,2018,16,"RB"
"Chase","Edmonds",3.6,2018,16,"RB"
"Cordarrelle","Patterson",3.4,2018,16,"RB"
"Brian","Hill",3.2,2018,16,"RB"
"Kyle","Juszczyk",3.1,2018,16,"RB"
"Carlos","Hyde",3,2018,16,"RB"
"Devontae","Booker",2.9,2018,16,"RB"
"Wayne","Gallman",2.6,2018,16,"RB"
"Cameron","Artis-Payne",2.6,2018,16,"RB"
"Rod","Smith",1.8,2018,16,"RB"
"Jordan","Wilkins",1.7,2018,16,"RB"
"Ty","Montgomery",1.6,2018,16,"RB"
"Ronald","Jones",1.6,2018,16,"RB"
"Dontrell","Hilliard",1.6,2018,16,"RB"
"Taquan","Mizzell",1.5,2018,16,"RB"
"DeAndre","Washington",1.4,2018,16,"RB"
"James","Develin",1.3,2018,16,"RB"
"John","Kelly",1.3,2018,16,"RB"
"Brandon","Bolden",1.2,2018,16,"RB"
"Anthony","Sherman",1.1,2018,16,"RB"
"Andy","Janovich",1.1,2018,16,"RB"
"Detrez","Newsome",1,2018,16,"RB"
"Elijhaa","Penny",1,2018,16,"RB"
"Alex","Armah",1,2018,16,"RB"
"Tra","Carson",0.9,2018,16,"RB"
"J.D.","McKissic",0.7,2018,16,"RB"
"Zach","Line",0.6,2018,16,"RB"
"T.J.","Logan",0.5,2018,16,"RB"
"Matthew","Dayes",0.5,2018,16,"RB"
"Patrick","DiMarco",0.4,2018,16,"RB"
"Ameer","Abdullah",0.4,2018,16,"RB"
"Boston","Scott",0.4,2018,16,"RB"
"CJ","Ham",0.4,2018,16,"RB"
"Trey","Edmunds",0.4,2018,16,"RB"
"Dan","Vitale",0.3,2018,16,"RB"
"Jamize","Olawale",0.3,2018,16,"RB"
"Gregory","Howell",0.3,2018,16,"RB"
"Roosevelt","Nix",0.3,2018,16,"RB"
"Mark","Walton",0.3,2018,16,"RB"
"Keith","Smith",0.3,2018,16,"RB"
"De'Lance","Turner",0.3,2018,16,"RB"
"Ricky","Ortiz",0.3,2018,16,"RB"
"Justin","Davis",0.3,2018,16,"RB"
"Jeremy","McNichols",0.3,2018,16,"RB"
"Dare","Ogunbowale",0.2,2018,16,"RB"
"Senorise","Perry",0.2,2018,16,"RB"
"Derek","Watt",0.2,2018,16,"RB"
"Kenjon","Barner",0.2,2018,16,"RB"
"Michael","Burton",0.2,2018,16,"RB"
"Dwayne","Washington",0.2,2018,16,"RB"
"De'Angelo","Henderson",0.2,2018,16,"RB"
"Benny","Cunningham",0.1,2018,16,"RB"
"Dalyn","Dawkins",0,2018,16,"RB"
"Roc","Thomas",0,2018,16,"RB"
"Khalid","Hill",0,2018,16,"RB"
"Elijah","Wellman",0,2018,16,"RB"
"Shane","Vereen",0,2018,16,"RB"
"Thomas","Rawls",0,2018,16,"RB"
"Donnie","Ernsberger",0,2018,16,"RB"
"Josh","Ferguson",0,2018,16,"RB"
"Andre","Ellington",0,2018,16,"RB"
"Donnel","Pumphrey",0,2018,16,"RB"
"Brandon","Wilson",0,2018,16,"RB"
"Khalfani","Muhammad",0,2018,16,"RB"
"Taiwan","Jones",0,2018,16,"RB"
"Mark","Thompson",0,2018,16,"RB"
"Tyler","Ervin",0,2018,16,"RB"
